Origen,Corregido,,,,
atacameño (likan-antai),Atacameño (Likan-Antai),,,alto bío bío,Alto Biobío
aymara,Aymara,,,aisén ,Aysén
colla,Colla,,,algarrobo,Algarrobo
diaguita,Diaguita,,,algarrobo ,Algarrobo
kawashkar o alacalufes,Kawashkar (Alacalufes),,,alhué,Alhué
mapuche,Mapuche,,,alhué ,Alhué
mapuche ,Mapuche,,,alto biobío,Alto Biobío
no pertenece a ningún pueblo indígena,No pertenece a ningún pueblo indígena,,,alto del carmen,Alto del Carmen
No Sabe/No Responde,Ns/Nr,,,alto del carmen ,Alto del Carmen
quechua,Quechua,,,alto hospicio,Alto Hospicio
quechua ,Quechua,,,alto hospicio ,Alto Hospicio
rapa nui o pascuense,Rapa Nui (Pascuense),,,ancud,Ancud
sin dato,Sin dato,,,ancud ,Ancud
yagán o yámana,Yagán (Yámana),,,andacollo,Andacollo
,,,,andacollo ,Andacollo
,,,,angol,Angol
,,,,angol ,Angol
,,,,antofagasta,Antofagasta
atacameño (likán-antai),Atacameño (Likan-Antai),,,antofagasta ,Antofagasta
aymara,Aymara,,,antuco,Antuco
colla,Colla,,,antuco ,Antuco
diaguita,Diaguita,,,arauco,Arauco
kawashkar o alacalufes,Kawashkar (Alacalufes),,,arauco ,Arauco
mapuche,Mapuche,,,arica,Arica
no pertenece a ningún pueblo indígena,No indígena,,,arica ,Arica
No sabe/no responde,Ns/Nr,,,aysén,Aysén
quechua,Quechua,,,buin,Buin
rapa-nui o pascuenses,Rapa Nui (Pascuenses),,,buin ,Buin
sin dato,Sin Dato,,,bulnes,Bulnes
yámana o yagán,Yagán (Yámana),,,bulnes ,Bulnes
,,,,cabildo,Cabildo
,,,,cabildo ,Cabildo
,,,,cabo de hornos,Cabo de Hornos
,,,,cabo de hornos ,Cabo de Hornos
,,,,cabrero,Cabrero
,,,,cabrero ,Cabrero
,,,,calama,Calama
,,,,calama ,Calama
,,,,calbuco,Calbuco
,,,,calbuco ,Calbuco
,,,,caldera,Caldera
,,,,caldera ,Caldera
,,,,calera,Calera
,,,,calera de tango,Calera de Tango
,,,,calera de tango ,Calera de Tango
,,,,calle larga,Calle Larga
,,,,calle larga ,Calle Larga
,,,,camarones,Camarones
,,,,camarones ,Camarones
,,,,camiña,Camiña
,,,,camiña ,Camiña
,,,,canela,Canela
,,,,canela ,Canela
,,,,cañete,Cañete
,,,,cañete ,Cañete
,,,,carahue,Carahue
,,,,carahue ,Carahue
,,,,cartagena,Cartagena
,,,,cartagena ,Cartagena
,,,,casablanca,Casablanca
,,,,casablanca ,Casablanca
,,,,castro,Castro
,,,,castro ,Castro
,,,,catemu,Catemu
,,,,catemu ,Catemu
,,,,cauquenes,Cauquenes
,,,,cauquenes ,Cauquenes
,,,,cerrillos,Cerrillos
,,,,cerrillos ,Cerrillos
,,,,cerro navia,Cerro Navia
,,,,cerro navia ,Cerro Navia
,,,,chaitén ,Chaitén
,,,,chanco,Chanco
,,,,chanco ,Chanco
,,,,chañaral,Chañaral
,,,,chañaral ,Chañaral
,,,,chépica,Chépica
,,,,chépica ,Chépica
,,,,chiguayante,Chiguayante
,,,,chiguayante ,Chiguayante
,,,,chile chico,Chile Chico
,,,,chile chico ,Chile Chico
,,,,chillán,Chillán
,,,,chillán ,Chillán
,,,,chillán viejo,Chillán Viejo
,,,,chillán viejo ,Chillán Viejo
,,,,chimbarongo,Chimbarongo
,,,,chimbarongo ,Chimbarongo
,,,,cholchol,Cholchol
,,,,cholchol ,Cholchol
,,,,chonchi,Chonchi
,,,,chonchi ,Chonchi
,,,,cisnes,Cisnes
,,,,cisnes ,Cisnes
,,,,cobquecura,Cobquecura
,,,,cobquecura ,Cobquecura
,,,,cochamó,Cochamó
,,,,cochamó ,Cochamó
,,,,cochrane,Cochrane
,,,,cochrane ,Cochrane
,,,,codegua,Codegua
,,,,codegua ,Codegua
,,,,coelemu,Coelemu
,,,,coelemu ,Coelemu
,,,,coihueco,Coihueco
,,,,coihueco ,Coihueco
,,,,coinco,Coinco
,,,,coinco ,Coinco
,,,,colbún,Colbún
,,,,colbún ,Colbún
,,,,colchane,Colchane
,,,,colchane ,Colchane
,,,,colina,Colina
,,,,colina ,Colina
,,,,collipulli,Collipulli
,,,,collipulli ,Collipulli
,,,,coltauco,Coltauco
,,,,coltauco ,Coltauco
,,,,combarbalá,Combarbalá
,,,,combarbalá ,Combarbalá
,,,,concepción,Concepción
,,,,concepción ,Concepción
,,,,conchalí,Conchalí
,,,,conchalí ,Conchalí
,,,,concón,Concón
,,,,concón ,Concón
,,,,constitución,Constitución
,,,,constitución ,Constitución
,,,,contulmo,Contulmo
,,,,contulmo ,Contulmo
,,,,copiapó,Copiapó
,,,,copiapó ,Copiapó
,,,,coquimbo,Coquimbo
,,,,coquimbo ,Coquimbo
,,,,coronel,Coronel
,,,,coronel ,Coronel
,,,,corral,Corral
,,,,corral ,Corral
,,,,coyhaique,Coyhaique
,,,,coyhaique ,Coyhaique
,,,,cunco,Cunco
,,,,cunco ,Cunco
,,,,curacautín,Curacautín
,,,,curacautín ,Curacautín
,,,,curacaví,Curacaví
,,,,curacaví ,Curacaví
,,,,curaco de vélez,Curaco De Vélez
,,,,curaco de vélez ,Curaco De Vélez
,,,,curanilahue,Curanilahue
,,,,curanilahue ,Curanilahue
,,,,curarrehue,Curarrehue
,,,,curarrehue ,Curarrehue
,,,,curepto,Curepto
,,,,curepto ,Curepto
,,,,curicó,Curicó
,,,,curicó ,Curicó
,,,,dalcahue,Dalcahue
,,,,dalcahue ,Dalcahue
,,,,diego de almagro,Diego De Almagro
,,,,diego de almagro ,Diego De Almagro
,,,,doñihue,Doñihue
,,,,doñihue ,Doñihue
,,,,el bosque,El Bosque
,,,,el bosque ,El Bosque
,,,,el carmen,El Carmen
,,,,el carmen ,El Carmen
,,,,el monte,El Monte
,,,,el monte ,El Monte
,,,,el quisco,El Quisco
,,,,el quisco ,El Quisco
,,,,el tabo,El Tabo
,,,,el tabo ,El Tabo
,,,,empedrado,Empedrado
,,,,empedrado ,Empedrado
,,,,ercilla,Ercilla
,,,,ercilla ,Ercilla
,,,,estación central,Estación Central
,,,,estación central ,Estación Central
,,,,florida,Florida
,,,,florida ,Florida
,,,,freire,Freire
,,,,freire ,Freire
,,,,freirina,Freirina
,,,,freirina ,Freirina
,,,,fresia,Fresia
,,,,fresia ,Fresia
,,,,frutillar,Frutillar
,,,,frutillar ,Frutillar
,,,,futaleufú,Futaleufú
,,,,futaleufú ,Futaleufú
,,,,futrono,Futrono
,,,,futrono ,Futrono
,,,,galvarino,Galvarino
,,,,galvarino ,Galvarino
,,,,general lagos,General Lagos
,,,,general lagos ,General Lagos
,,,,gorbea,Gorbea
,,,,gorbea ,Gorbea
,,,,graneros,Graneros
,,,,graneros ,Graneros
,,,,hijuelas,Hijuelas
,,,,hijuelas ,Hijuelas
,,,,hualaihué,Hualaihué
,,,,hualaihué ,Hualaihué
,,,,hualañé,Hualañé
,,,,hualañé ,Hualañé
,,,,hualpén,Hualpén
,,,,hualpén ,Hualpén
,,,,hualqui,Hualqui
,,,,hualqui ,Hualqui
,,,,huara,Huara
,,,,huara ,Huara
,,,,huasco,Huasco
,,,,huasco ,Huasco
,,,,huechuraba,Huechuraba
,,,,huechuraba ,Huechuraba
,,,,illapel,Illapel
,,,,illapel ,Illapel
,,,,independencia,Independencia
,,,,independencia ,Independencia
,,,,iquique,Iquique
,,,,iquique ,Iquique
,,,,isla de maipo,Isla De Maipo
,,,,isla de maipo ,Isla De Maipo
,,,,la calera,La Calera
,,,,la calera ,La Calera
,,,,la cisterna,La Cisterna
,,,,la cisterna ,La Cisterna
,,,,la cruz,La Cruz
,,,,la cruz ,La Cruz
,,,,la estrella,La Estrella
,,,,la estrella ,La Estrella
,,,,la florida,La Florida
,,,,la florida ,La Florida
,,,,la granja,La Granja
,,,,la granja ,La Granja
,,,,la higuera,La Higuera
,,,,la higuera ,La Higuera
,,,,la ligua,La Ligua
,,,,la ligua ,La Ligua
,,,,la pintana,La Pintana
,,,,la pintana ,La Pintana
,,,,la reina,La Reina
,,,,la reina ,La Reina
,,,,la serena,La Serena
,,,,la serena ,La Serena
,,,,la unión,La Unión
,,,,la unión ,La Unión
,,,,lago ranco,Lago Ranco
,,,,lago ranco ,Lago Ranco
,,,,laja,Laja
,,,,laja ,Laja
,,,,lampa,Lampa
,,,,lampa ,Lampa
,,,,lanco,Lanco
,,,,lanco ,Lanco
,,,,las cabras,Las Cabras
,,,,las cabras ,Las Cabras
,,,,las condes,Las Condes
,,,,las condes ,Las Condes
,,,,lautaro,Lautaro
,,,,lautaro ,Lautaro
,,,,lebu,Lebu
,,,,lebu ,Lebu
,,,,licantén,Licantén
,,,,licantén ,Licantén
,,,,limache,Limache
,,,,limache ,Limache
,,,,linares,Linares
,,,,linares ,Linares
,,,,litueche,Litueche
,,,,litueche ,Litueche
,,,,llanquihue,Llanquihue
,,,,llanquihue ,Llanquihue
,,,,llay llay,Llay Llay
,,,,lo barnechea,Lo Barnechea
,,,,lo barnechea ,Lo Barnechea
,,,,lo espejo,Lo Espejo
,,,,lo espejo ,Lo Espejo
,,,,lo prado,Lo Prado
,,,,lo prado ,Lo Prado
,,,,lolol,Lolol
,,,,lolol ,Lolol
,,,,loncoche,Loncoche
,,,,loncoche ,Loncoche
,,,,longaví,Longaví
,,,,longaví ,Longaví
,,,,lonquimay,Lonquimay
,,,,lonquimay ,Lonquimay
,,,,los álamos,Los Álamos
,,,,los andes,Los Andes
,,,,los andes ,Los Andes
,,,,los ángeles,Los Ángeles
,,,,los lagos,Los Lagos
,,,,los lagos ,Los Lagos
,,,,los muermos,Los Muermos
,,,,los muermos ,Los Muermos
,,,,los sauces,Los Sauces
,,,,los sauces ,Los Sauces
,,,,los vilos,Los Vilos
,,,,los vilos ,Los Vilos
,,,,lota,Lota
,,,,lota ,Lota
,,,,lumaco,Lumaco
,,,,lumaco ,Lumaco
,,,,machalí,Machalí
,,,,machalí ,Machalí
,,,,macul,Macul
,,,,macul ,Macul
,,,,máfil,Máfil
,,,,máfil ,Máfil
,,,,maipú,Maipú
,,,,maipú ,Maipú
,,,,malloa,Malloa
,,,,malloa ,Malloa
,,,,marchihue,Marchihue
,,,,marchihue ,Marchihue
,,,,maría elena,María Elena
,,,,maría elena ,María Elena
,,,,maría pinto,María Pinto
,,,,maría pinto ,María Pinto
,,,,mariquina,Mariquina
,,,,mariquina ,Mariquina
,,,,maule,Maule
,,,,maule ,Maule
,,,,maullín,Maullín
,,,,maullín ,Maullín
,,,,mejillones,Mejillones
,,,,mejillones ,Mejillones
,,,,melipeuco,Melipeuco
,,,,melipeuco ,Melipeuco
,,,,melipilla,Melipilla
,,,,melipilla ,Melipilla
,,,,molina,Molina
,,,,molina ,Molina
,,,,monte patria,Monte Patria
,,,,monte patria ,Monte Patria
,,,,mostazal,Mostazal
,,,,mostazal ,Mostazal
,,,,mulchén,Mulchén
,,,,mulchén ,Mulchén
,,,,nacimiento,Nacimiento
,,,,nacimiento ,Nacimiento
,,,,nancagua,Nancagua
,,,,nancagua ,Nancagua
,,,,natales,Natales
,,,,natales ,Natales
,,,,navidad,Navidad
,,,,navidad ,Navidad
,,,,negrete,Negrete
,,,,negrete ,Negrete
,,,,ninhue,Ninhue
,,,,ninhue ,Ninhue
,,,,nogales,Nogales
,,,,nogales ,Nogales
,,,,nueva imperial,Nueva Imperial
,,,,nueva imperial ,Nueva Imperial
,,,,Ñiquén,Ñiquén
,,,,Ñiquén ,Ñiquén
,,,,Ñuñoa,Ñuñoa
,,,,Ñuñoa ,Ñuñoa
,,,,olivar,Olivar
,,,,olivar ,Olivar
,,,,ollagüe,Ollagüe
,,,,olmué,Olmué
,,,,olmué ,Olmué
,,,,osorno,Osorno
,,,,osorno ,Osorno
,,,,ovalle,Ovalle
,,,,ovalle ,Ovalle
,,,,padre hurtado,Padre Hurtado
,,,,padre hurtado ,Padre Hurtado
,,,,padre las casas,Padre Las Casas
,,,,padre las casas ,Padre Las Casas
,,,,paihuano,Paihuano
,,,,paillaco,Paillaco
,,,,paillaco ,Paillaco
,,,,paine,Paine
,,,,paine ,Paine
,,,,palena,Palena
,,,,palena ,Palena
,,,,palmilla,Palmilla
,,,,palmilla ,Palmilla
,,,,panguipulli,Panguipulli
,,,,panguipulli ,Panguipulli
,,,,panquehue,Panquehue
,,,,panquehue ,Panquehue
,,,,papudo,Papudo
,,,,papudo ,Papudo
,,,,paredones,Paredones
,,,,paredones ,Paredones
,,,,parral,Parral
,,,,parral ,Parral
,,,,pedro aguirre cerda,Pedro Aguirre Cerda
,,,,pedro aguirre cerda ,Pedro Aguirre Cerda
,,,,pelarco,Pelarco
,,,,pelarco ,Pelarco
,,,,pelluhue,Pelluhue
,,,,pelluhue ,Pelluhue
,,,,pemuco,Pemuco
,,,,pemuco ,Pemuco
,,,,pencahue,Pencahue
,,,,pencahue ,Pencahue
,,,,penco,Penco
,,,,penco ,Penco
,,,,peñaflor,Peñaflor
,,,,peñaflor ,Peñaflor
,,,,peñalolén,Peñalolén
,,,,peñalolén ,Peñalolén
,,,,peralillo,Peralillo
,,,,peralillo ,Peralillo
,,,,perquenco,Perquenco
,,,,perquenco ,Perquenco
,,,,petorca,Petorca
,,,,petorca ,Petorca
,,,,peumo,Peumo
,,,,peumo ,Peumo
,,,,pica,Pica
,,,,pica ,Pica
,,,,pichidegua,Pichidegua
,,,,pichidegua ,Pichidegua
,,,,pichilemu,Pichilemu
,,,,pichilemu ,Pichilemu
,,,,pinto,Pinto
,,,,pinto ,Pinto
,,,,pirque,Pirque
,,,,pirque ,Pirque
,,,,pitrufquén,Pitrufquén
,,,,pitrufquén ,Pitrufquén
,,,,placilla,Placilla
,,,,placilla ,Placilla
,,,,portezuelo,Portezuelo
,,,,portezuelo ,Portezuelo
,,,,porvenir,Porvenir
,,,,porvenir ,Porvenir
,,,,pozo almonte,Pozo Almonte
,,,,pozo almonte ,Pozo Almonte
,,,,primavera,Primavera
,,,,primavera ,Primavera
,,,,providencia,Providencia
,,,,providencia ,Providencia
,,,,puchuncaví,Puchuncaví
,,,,puchuncaví ,Puchuncaví
,,,,pucón,Pucón
,,,,pucón ,Pucón
,,,,pudahuel,Pudahuel
,,,,pudahuel ,Pudahuel
,,,,puente alto,Puente Alto
,,,,puente alto ,Puente Alto
,,,,puerto montt,Puerto Montt
,,,,puerto montt ,Puerto Montt
,,,,puerto octay,Puerto Octay
,,,,puerto octay ,Puerto Octay
,,,,puerto varas,Puerto Varas
,,,,puerto varas ,Puerto Varas
,,,,pumanque,Pumanque
,,,,pumanque ,Pumanque
,,,,punitaqui,Punitaqui
,,,,punitaqui ,Punitaqui
,,,,punta arenas,Punta Arenas
,,,,punta arenas ,Punta Arenas
,,,,puqueldón,Puqueldón
,,,,puqueldón ,Puqueldón
,,,,purén,Purén
,,,,purén ,Purén
,,,,purranque,Purranque
,,,,purranque ,Purranque
,,,,putaendo,Putaendo
,,,,putaendo ,Putaendo
,,,,putre,Putre
,,,,putre ,Putre
,,,,puyehue,Puyehue
,,,,puyehue ,Puyehue
,,,,queilén,Queilén
,,,,queilén ,Queilén
,,,,quellón,Quellón
,,,,quellón ,Quellón
,,,,quemchi,Quemchi
,,,,quemchi ,Quemchi
,,,,quilaco,Quilaco
,,,,quilaco ,Quilaco
,,,,quilicura,Quilicura
,,,,quilicura ,Quilicura
,,,,quilleco,Quilleco
,,,,quillón,Quillón
,,,,quillón ,Quillón
,,,,quillota,Quillota
,,,,quillota ,Quillota
,,,,quilpué,Quilpué
,,,,quilpué ,Quilpué
,,,,quinchao,Quinchao
,,,,quinchao ,Quinchao
,,,,quinta de tilcoco,Quinta De Tilcoco
,,,,quinta de tilcoco ,Quinta De Tilcoco
,,,,quinta normal,Quinta Normal
,,,,quinta normal ,Quinta Normal
,,,,quintero,Quintero
,,,,quintero ,Quintero
,,,,quirihue,Quirihue
,,,,quirihue ,Quirihue
,,,,rancagua,Rancagua
,,,,rancagua ,Rancagua
,,,,ránquil,Ránquil
,,,,ránquil ,Ránquil
,,,,rauco,Rauco
,,,,rauco ,Rauco
,,,,recoleta,Recoleta
,,,,recoleta ,Recoleta
,,,,renaico,Renaico
,,,,renaico ,Renaico
,,,,renca,Renca
,,,,renca ,Renca
,,,,rengo,Rengo
,,,,rengo ,Rengo
,,,,requínoa,Requínoa
,,,,requínoa ,Requínoa
,,,,retiro,Retiro
,,,,retiro ,Retiro
,,,,rinconada,Rinconada
,,,,rinconada ,Rinconada
,,,,río bueno,Río Bueno
,,,,río bueno ,Río Bueno
,,,,río claro,Río Claro
,,,,río claro ,Río Claro
,,,,río hurtado,Río Hurtado
,,,,río hurtado ,Río Hurtado
,,,,río ibáñez,Río Ibáñez
,,,,río ibáñez ,Río Ibáñez
,,,,río negro,Río Negro
,,,,río negro ,Río Negro
,,,,romeral,Romeral
,,,,romeral ,Romeral
,,,,saavedra,Saavedra
,,,,saavedra ,Saavedra
,,,,sagrada familia,Sagrada Familia
,,,,sagrada familia ,Sagrada Familia
,,,,salamanca,Salamanca
,,,,salamanca ,Salamanca
,,,,san antonio,San Antonio
,,,,san antonio ,San Antonio
,,,,san bernardo,San Bernardo
,,,,san bernardo ,San Bernardo
,,,,san carlos,San Carlos
,,,,san carlos ,San Carlos
,,,,san clemente,San Clemente
,,,,san clemente ,San Clemente
,,,,san esteban,San Esteban
,,,,san esteban ,San Esteban
,,,,san fabián,San Fabián
,,,,san fabián ,San Fabián
,,,,san felipe,San Felipe
,,,,san felipe ,San Felipe
,,,,san fernando,San Fernando
,,,,san fernando ,San Fernando
,,,,san gregorio,San Gregorio
,,,,san gregorio ,San Gregorio
,,,,san ignacio,San Ignacio
,,,,san ignacio ,San Ignacio
,,,,san javier,San Javier
,,,,san javier ,San Javier
,,,,san joaquín,San Joaquín
,,,,san joaquín ,San Joaquín
,,,,san josé de maipo,San José De Maipo
,,,,san josé de maipo ,San José De Maipo
,,,,san juan de la costa,San Juan De La Costa
,,,,san juan de la costa ,San Juan De La Costa
,,,,san miguel,San Miguel
,,,,san miguel ,San Miguel
,,,,san nicolás,San Nicolás
,,,,san nicolás ,San Nicolás
,,,,san pablo,San Pablo
,,,,san pablo ,San Pablo
,,,,san pedro,San Pedro
,,,,san pedro ,San Pedro
,,,,san pedro de atacama,San Pedro De Atacama
,,,,san pedro de atacama ,San Pedro De Atacama
,,,,san pedro de la paz,San Pedro De La Paz
,,,,san pedro de la paz ,San Pedro De La Paz
,,,,san rafael,San Rafael
,,,,san rafael ,San Rafael
,,,,san ramón,San Ramón
,,,,san ramón ,San Ramón
,,,,san rosendo,San Rosendo
,,,,san rosendo ,San Rosendo
,,,,san vicente,San Vicente
,,,,san vicente ,San Vicente
,,,,santa bárbara,Santa Bárbara
,,,,santa bárbara ,Santa Bárbara
,,,,santa cruz,Santa Cruz
,,,,santa cruz ,Santa Cruz
,,,,santa juana,Santa Juana
,,,,santa juana ,Santa Juana
,,,,santa maría,Santa María
,,,,santa maría ,Santa María
,,,,santiago,Santiago
,,,,santiago ,Santiago
,,,,santo domingo,Santo Domingo
,,,,santo domingo ,Santo Domingo
,,,,sierra gorda,Sierra Gorda
,,,,sierra gorda ,Sierra Gorda
,,,,talagante,Talagante
,,,,talagante ,Talagante
,,,,talca,Talca
,,,,talca ,Talca
,,,,talcahuano,Talcahuano
,,,,talcahuano ,Talcahuano
,,,,taltal,Taltal
,,,,taltal ,Taltal
,,,,temuco,Temuco
,,,,temuco ,Temuco
,,,,teno,Teno
,,,,teno ,Teno
,,,,teodoro schmidt,Teodoro Schmidt
,,,,tierra amarilla,Tierra Amarilla
,,,,tierra amarilla ,Tierra Amarilla
,,,,tiltil,Tiltil
,,,,tiltil ,Tiltil
,,,,tirúa,Tirúa
,,,,tirúa ,Tirúa
,,,,tocopilla,Tocopilla
,,,,tocopilla ,Tocopilla
,,,,toltén,Toltén
,,,,toltén ,Toltén
,,,,tomé,Tomé
,,,,tomé ,Tomé
,,,,traiguén,Traiguén
,,,,traiguén ,Traiguén
,,,,treguaco,Trehuaco
,,,,trehuaco,Trehuaco
,,,,trehuaco ,Trehuaco
,,,,tucapel,Tucapel
,,,,valdivia,Valdivia
,,,,valdivia ,Valdivia
,,,,vallenar,Vallenar
,,,,vallenar ,Vallenar
,,,,valparaíso,Valparaíso
,,,,valparaíso ,Valparaíso
,,,,vichuquén,Vichuquén
,,,,vichuquén ,Vichuquén
,,,,victoria,Victoria
,,,,victoria ,Victoria
,,,,vicuña,Vicuña
,,,,vicuña ,Vicuña
,,,,vilcún,Vilcún
,,,,vilcún ,Vilcún
,,,,villa alegre,Villa Alegre
,,,,villa alegre ,Villa Alegre
,,,,villa alemana,Villa Alemana
,,,,villa alemana ,Villa Alemana
,,,,villarrica,Villarrica
,,,,villarrica ,Villarrica
,,,,viña del mar,Viña Del Mar
,,,,viña del mar ,Viña Del Mar
,,,,vitacura,Vitacura
,,,,vitacura ,Vitacura
,,,,yerbas buenas,Yerbas Buenas
,,,,yerbas buenas ,Yerbas Buenas
,,,,yumbel,Yumbel
,,,,yumbel ,Yumbel
,,,,yungay,Yungay
,,,,yungay ,Yungay
,,,,zapallar,Zapallar
,,,,zapallar ,Zapallar
,,,,llaillay,Llay Llay
,,,,paiguano,Paihuano
,,,,Paiguano,Paihuano
,,,,los alamos,Los Álamos
,,,,Los Álamos,Los Álamos
,,,,los angeles,Los Ángeles
,,,,Yungay,Yungay
,,,,Zapallar,Zapallar
,,,,teodoro schmidt ,Teodoro Schmidt
,,,,llay llay ,Llay Llay
,,,,alto bío bío ,Alto Biobío
,,,,los alamos ,Los Álamos
,,,,los angeles ,Los Ángeles
,,,,ollague ,Ollagüe
,,,,paihuano ,Paihuano
,,,,teodoro schimdt ,Teodoro Schmidt
